"Model","Category","Item","PartNumber","ApplicationId","CataloguePath","TopLevelLabel","ItemTreePath"
"M3187","C8450","I1","GJA9460BHSDC","139752","XK8 Coupe/Convertible up to (V) 042775/INTERIOR TRIM AND LININGS/FLOOR COVERINGS/CARPETS","Carpet","main floor > RH > Coffee > LHD"
"M3187","C8450","I1","GJA9460BJSDC","142208","XK8 Coupe/Convertible up to (V) 042775/INTERIOR TRIM AND LININGS/FLOOR COVERINGS/CARPETS","Carpet","main floor > RH > Coffee > LHD"
"M3187","C8450","I1","GJA9460AJSDC","142155","XK8 Coupe/Convertible up to (V) 042775/INTERIOR TRIM AND LININGS/FLOOR COVERINGS/CARPETS","Carpet","main floor > RH > Coffee > RHD"
"M3187","C8450","I1","GJA9460BLLFN","150129","XK8 Coupe/Convertible up to (V) 042775/INTERIOR TRIM AND LININGS/FLOOR COVERINGS/CARPETS","Carpet","main floor > RH > Flint grey > LHD > From VIN (018108) To VIN (024686)"
"M3187","C8450","I1","GJB9460BALFN","156403","XK8 Coupe/Convertible up to (V) 042775/INTERIOR TRIM AND LININGS/FLOOR COVERINGS/CARPETS","Carpet","main floor > RH > Flint grey > LHD > Other Option"
"M3187","C8450","I1","GJA9460BJLFN","142204","XK8 Coupe/Convertible up to (V) 042775/INTERIOR TRIM AND LININGS/FLOOR COVERINGS/CARPETS","Carpet","main floor > RH > Flint grey > LHD > Other Option"
"M3187","C8450","I1","GJA9460BHLFN","139748","XK8 Coupe/Convertible up to (V) 042775/INTERIOR TRIM AND LININGS/FLOOR COVERINGS/CARPETS","Carpet","main floor > RH > Flint grey > LHD > Other Option"
"M3187","C8450","I1","GJB9460BBLFN","158188","XK8 Coupe/Convertible up to (V) 042775/INTERIOR TRIM AND LININGS/FLOOR COVERINGS/CARPETS","Carpet","main floor > RH > Flint grey > LHD > Other Option"
"M3187","C8450","I1","GJB9460AALFN","156395","XK8 Coupe/Convertible up to (V) 042775/INTERIOR TRIM AND LININGS/FLOOR COVERINGS/CARPETS","Carpet","main floor > RH > Flint grey > RHD"
"M3187","C8450","I1","GJA9460ALLFN","150090","XK8 Coupe/Convertible up to (V) 042775/INTERIOR TRIM AND LININGS/FLOOR COVERINGS/CARPETS","Carpet","main floor > RH > Flint grey > RHD"
"M3187","C8450","I1","GJA9460AJLFN","142153","XK8 Coupe/Convertible up to (V) 042775/INTERIOR TRIM AND LININGS/FLOOR COVERINGS/CARPETS","Carpet","main floor > RH > Flint grey > RHD"
"M3187","C8450","I1","GJB9460ABLFN","158178","XK8 Coupe/Convertible up to (V) 042775/INTERIOR TRIM AND LININGS/FLOOR COVERINGS/CARPETS","Carpet","main floor > RH > Flint grey > RHD"
"M3187","C8450","I1","GJA9460BLAEK","150133","XK8 Coupe/Convertible up to (V) 042775/INTERIOR TRIM AND LININGS/FLOOR COVERINGS/CARPETS","Carpet","main floor > RH > Sable > LHD > From VIN (018108) To VIN (024686)"
"M3187","C8450","I1","GJB9460BCAEK","169473","XK8 Coupe/Convertible up to (V) 042775/INTERIOR TRIM AND LININGS/FLOOR COVERINGS/CARPETS","Carpet","main floor > RH > Sable > LHD > From VIN (028939)"
"M3187","C8450","I1","GJB9460BAAEK","156407","XK8 Coupe/Convertible up to (V) 042775/INTERIOR TRIM AND LININGS/FLOOR COVERINGS/CARPETS","Carpet","main floor > RH > Sable > LHD > Other Option"
"M3187","C8450","I1","GJA9460BHAEK","139756","XK8 Coupe/Convertible up to (V) 042775/INTERIOR TRIM AND LININGS/FLOOR COVERINGS/CARPETS","Carpet","main floor > RH > Sable > LHD > Other Option"
"M3187","C8450","I1","GJA9460BJAEK","142212","XK8 Coupe/Convertible up to (V) 042775/INTERIOR TRIM AND LININGS/FLOOR COVERINGS/CARPETS","Carpet","main floor > RH > Sable > LHD > Other Option"
"M3187","C8450","I1","GJB9460AAAEK","156397","XK8 Coupe/Convertible up to (V) 042775/INTERIOR TRIM AND LININGS/FLOOR COVERINGS/CARPETS","Carpet","main floor > RH > Sable > RHD"
"M3187","C8450","I1","GJA9460ALAEK","150092","XK8 Coupe/Convertible up to (V) 042775/INTERIOR TRIM AND LININGS/FLOOR COVERINGS/CARPETS","Carpet","main floor > RH > Sable > RHD"
"M3187","C8450","I1","GJA9460AJAEK","142157","XK8 Coupe/Convertible up to (V) 042775/INTERIOR TRIM AND LININGS/FLOOR COVERINGS/CARPETS","Carpet","main floor > RH > Sable > RHD"
"M3187","C8450","I1","GJB9460ABAEK","158174","XK8 Coupe/Convertible up to (V) 042775/INTERIOR TRIM AND LININGS/FLOOR COVERINGS/CARPETS","Carpet","main floor > RH > Sable > RHD"
"M3187","C8450","I1","GJA9460BLHDX","150125","XK8 Coupe/Convertible up to (V) 042775/INTERIOR TRIM AND LININGS/FLOOR COVERINGS/CARPETS","Carpet","main floor > RH > Teal > LHD > From VIN (018108) To VIN (024686)"
"M3187","C8450","I1","GJB9460BAHDX","156399","XK8 Coupe/Convertible up to (V) 042775/INTERIOR TRIM AND LININGS/FLOOR COVERINGS/CARPETS","Carpet","main floor > RH > Teal > LHD > From VIN (024687) To VIN (028938)"
"M3187","C8450","I1","GJA9460BHHDX","139744","XK8 Coupe/Convertible up to (V) 042775/INTERIOR TRIM AND LININGS/FLOOR COVERINGS/CARPETS","Carpet","main floor > RH > Teal > LHD > Other Option"
"M3187","C8450","I1","GJA9460BJHDX","142200","XK8 Coupe/Convertible up to (V) 042775/INTERIOR TRIM AND LININGS/FLOOR COVERINGS/CARPETS","Carpet","main floor > RH > Teal > LHD > Other Option"
"M3187","C8450","I1","GJB9460BBHDX","158290","XK8 Coupe/Convertible up to (V) 042775/INTERIOR TRIM AND LININGS/FLOOR COVERINGS/CARPETS","Carpet","main floor > RH > Teal > LHD > Other Option"
"M3187","C8450","I1","GJB9460AAHDX","156393","XK8 Coupe/Convertible up to (V) 042775/INTERIOR TRIM AND LININGS/FLOOR COVERINGS/CARPETS","Carpet","main floor > RH > Teal > RHD"
"M3187","C8450","I1","GJA9460ALHDX","150088","XK8 Coupe/Convertible up to (V) 042775/INTERIOR TRIM AND LININGS/FLOOR COVERINGS/CARPETS","Carpet","main floor > RH > Teal > RHD"
"M3187","C8450","I1","GJB9460ABHDX","158288","XK8 Coupe/Convertible up to (V) 042775/INTERIOR TRIM AND LININGS/FLOOR COVERINGS/CARPETS","Carpet","main floor > RH > Teal > RHD"
"M3187","C8450","I1","GJA9460AJHDX","142151","XK8 Coupe/Convertible up to (V) 042775/INTERIOR TRIM AND LININGS/FLOOR COVERINGS/CARPETS","Carpet","main floor > RH > Teal > RHD"
"M3187","C8450","I2","GJA9461BHSDC","139782","XK8 Coupe/Convertible up to (V) 042775/INTERIOR TRIM AND LININGS/FLOOR COVERINGS/CARPETS","Carpet","main floor > LH > Coffee > LHD"
"M3187","C8450","I2","GJA9461BJSDC","142253","XK8 Coupe/Convertible up to (V) 042775/INTERIOR TRIM AND LININGS/FLOOR COVERINGS/CARPETS","Carpet","main floor > LH > Coffee > LHD"
"M3187","C8450","I2","GJA9461AESDC","137250","XK8 Coupe/Convertible up to (V) 042775/INTERIOR TRIM AND LININGS/FLOOR COVERINGS/CARPETS","Carpet","main floor > LH > Coffee > RHD > To VIN (003249)"
"M3187","C8450","I2","GJA9461AJSDC","142243","XK8 Coupe/Convertible up to (V) 042775/INTERIOR TRIM AND LININGS/FLOOR COVERINGS/CARPETS","Carpet","main floor > LH > Coffee > RHD > From VIN (003250) To VIN (018107)"
"M3187","C8450","I2","GJA9461BLLFN","150141","XK8 Coupe/Convertible up to (V) 042775/INTERIOR TRIM AND LININGS/FLOOR COVERINGS/CARPETS","Carpet","main floor > LH > Flint grey > LHD > From VIN (018108) To VIN (024686)"
"M3187","C8450","I2","GJB9461BBLFN","158212","XK8 Coupe/Convertible up to (V) 042775/INTERIOR TRIM AND LININGS/FLOOR COVERINGS/CARPETS","Carpet","main floor > LH > Flint grey > LHD > Other Option"
"M3187","C8450","I2","GJA9461BJLFN","142250","XK8 Coupe/Convertible up to (V) 042775/INTERIOR TRIM AND LININGS/FLOOR COVERINGS/CARPETS","Carpet","main floor > LH > Flint grey > LHD > Other Option"
"M3187","C8450","I2","GJA9461BHLFN","139778","XK8 Coupe/Convertible up to (V) 042775/INTERIOR TRIM AND LININGS/FLOOR COVERINGS/CARPETS","Carpet","main floor > LH > Flint grey > LHD > Other Option"
"M3187","C8450","I2","GJB9461BALFN","156421","XK8 Coupe/Convertible up to (V) 042775/INTERIOR TRIM AND LININGS/FLOOR COVERINGS/CARPETS","Carpet","main floor > LH > Flint grey > LHD > Other Option"
"M3187","C8450","I2","GJA9461AELFN","137248","XK8 Coupe/Convertible up to (V) 042775/INTERIOR TRIM AND LININGS/FLOOR COVERINGS/CARPETS","Carpet","main floor > LH > Flint grey > RHD > To VIN (003249)"
"M3187","C8450","I2","GJA9461AJLFN","142241","XK8 Coupe/Convertible up to (V) 042775/INTERIOR TRIM AND LININGS/FLOOR COVERINGS/CARPETS","Carpet","main floor > LH > Flint grey > RHD > From VIN (003250) To VIN (018107)"
"M3187","C8450","I2","GJA9461ALLFN","150100","XK8 Coupe/Convertible up to (V) 042775/INTERIOR TRIM AND LININGS/FLOOR COVERINGS/CARPETS","Carpet","main floor > LH > Flint grey > RHD > From VIN (018108) To VIN (024686)"
"M3187","C8450","I2","GJB9461AALFN","156413","XK8 Coupe/Convertible up to (V) 042775/INTERIOR TRIM AND LININGS/FLOOR COVERINGS/CARPETS","Carpet","main floor > LH > Flint grey > RHD > From VIN (024687) To VIN (028938)"
"M3187","C8450","I2","GJB9461ABLFN","158200","XK8 Coupe/Convertible up to (V) 042775/INTERIOR TRIM AND LININGS/FLOOR COVERINGS/CARPETS","Carpet","main floor > LH > Flint grey > RHD > From VIN (028939)"
"M3187","C8450","I2","GJB9461BAAEK","156426","XK8 Coupe/Convertible up to (V) 042775/INTERIOR TRIM AND LININGS/FLOOR COVERINGS/CARPETS","Carpet","main floor > LH > Sable > LHD"
"M3187","C8450","I2","GJA9461BLAEK","150144","XK8 Coupe/Convertible up to (V) 042775/INTERIOR TRIM AND LININGS/FLOOR COVERINGS/CARPETS","Carpet","main floor > LH > Sable > LHD"
"M3187","C8450","I2","GJB9461BBAEK","158204","XK8 Coupe/Convertible up to (V) 042775/INTERIOR TRIM AND LININGS/FLOOR COVERINGS/CARPETS","Carpet","main floor > LH > Sable > LHD"
"M3187","C8450","I2","GJA9461BHAEK","139786","XK8 Coupe/Convertible up to (V) 042775/INTERIOR TRIM AND LININGS/FLOOR COVERINGS/CARPETS","Carpet","main floor > LH > Sable > LHD"
"M3187","C8450","I2","GJA9461BJAEK","142256","XK8 Coupe/Convertible up to (V) 042775/INTERIOR TRIM AND LININGS/FLOOR COVERINGS/CARPETS","Carpet","main floor > LH > Sable > LHD"
"M3187","C8450","I2","GJA9461AEAEK","137252","XK8 Coupe/Convertible up to (V) 042775/INTERIOR TRIM AND LININGS/FLOOR COVERINGS/CARPETS","Carpet","main floor > LH > Sable > RHD > To VIN (003249)"
"M3187","C8450","I2","GJA9461AJAEK","142245","XK8 Coupe/Convertible up to (V) 042775/INTERIOR TRIM AND LININGS/FLOOR COVERINGS/CARPETS","Carpet","main floor > LH > Sable > RHD > From VIN (003250) To VIN (018107)"
"M3187","C8450","I2","GJA9461ALAEK","150102","XK8 Coupe/Convertible up to (V) 042775/INTERIOR TRIM AND LININGS/FLOOR COVERINGS/CARPETS","Carpet","main floor > LH > Sable > RHD > From VIN (018108) To VIN (024686)"
"M3187","C8450","I2","GJB9461AAAEK","156415","XK8 Coupe/Convertible up to (V) 042775/INTERIOR TRIM AND LININGS/FLOOR COVERINGS/CARPETS","Carpet","main floor > LH > Sable > RHD > From VIN (024687) To VIN (028938)"
"M3187","C8450","I2","GJB9461ABAEK","158196","XK8 Coupe/Convertible up to (V) 042775/INTERIOR TRIM AND LININGS/FLOOR COVERINGS/CARPETS","Carpet","main floor > LH > Sable > RHD > From VIN (028939)"
"M3187","C8450","I2","GJA9461BLHDX","150137","XK8 Coupe/Convertible up to (V) 042775/INTERIOR TRIM AND LININGS/FLOOR COVERINGS/CARPETS","Carpet","main floor > LH > Teal > LHD > From VIN (018108) To VIN (024686)"
"M3187","C8450","I2","GJA9461BHHDX","139774","XK8 Coupe/Convertible up to (V) 042775/INTERIOR TRIM AND LININGS/FLOOR COVERINGS/CARPETS","Carpet","main floor > LH > Teal > LHD > Other Option"
"M3187","C8450","I2","GJB9461BBHDX","158296","XK8 Coupe/Convertible up to (V) 042775/INTERIOR TRIM AND LININGS/FLOOR COVERINGS/CARPETS","Carpet","main floor > LH > Teal > LHD > Other Option"
"M3187","C8450","I2","GJB9461BAHDX","156417","XK8 Coupe/Convertible up to (V) 042775/INTERIOR TRIM AND LININGS/FLOOR COVERINGS/CARPETS","Carpet","main floor > LH > Teal > LHD > Other Option"
"M3187","C8450","I2","GJA9461BJHDX","142247","XK8 Coupe/Convertible up to (V) 042775/INTERIOR TRIM AND LININGS/FLOOR COVERINGS/CARPETS","Carpet","main floor > LH > Teal > LHD > Other Option"
"M3187","C8450","I2","GJA9461AEHDX","137246","XK8 Coupe/Convertible up to (V) 042775/INTERIOR TRIM AND LININGS/FLOOR COVERINGS/CARPETS","Carpet","main floor > LH > Teal > RHD > To VIN (003249)"
"M3187","C8450","I2","GJA9461AJHDX","142239","XK8 Coupe/Convertible up to (V) 042775/INTERIOR TRIM AND LININGS/FLOOR COVERINGS/CARPETS","Carpet","main floor > LH > Teal > RHD > From VIN (003250) To VIN (018107)"
"M3187","C8450","I2","GJA9461ALHDX","150098","XK8 Coupe/Convertible up to (V) 042775/INTERIOR TRIM AND LININGS/FLOOR COVERINGS/CARPETS","Carpet","main floor > LH > Teal > RHD > From VIN (018108) To VIN (024686)"
"M3187","C8450","I2","GJB9461AAHDX","156411","XK8 Coupe/Convertible up to (V) 042775/INTERIOR TRIM AND LININGS/FLOOR COVERINGS/CARPETS","Carpet","main floor > LH > Teal > RHD > From VIN (024687) To VIN (028938)"
"M3187","C8450","I2","GJB9461ABHDX","158294","XK8 Coupe/Convertible up to (V) 042775/INTERIOR TRIM AND LININGS/FLOOR COVERINGS/CARPETS","Carpet","main floor > LH > Teal > RHD > From VIN (028939)"
"M3187","C8450","I3","KRF100001","94626","XK8 Coupe/Convertible up to (V) 042775/INTERIOR TRIM AND LININGS/FLOOR COVERINGS/CARPETS","Cam plate",""
"M3187","C8450","I4","AGU2229SDC","140014","XK8 Coupe/Convertible up to (V) 042775/INTERIOR TRIM AND LININGS/FLOOR COVERINGS/CARPETS","Turn stud","Coffee > Coffee"
"M3187","C8450","I4","AGU2229LFN","140023","XK8 Coupe/Convertible up to (V) 042775/INTERIOR TRIM AND LININGS/FLOOR COVERINGS/CARPETS","Turn stud","Flint grey"
"M3187","C8450","I4","AGU2229HFZ","158136","XK8 Coupe/Convertible up to (V) 042775/INTERIOR TRIM AND LININGS/FLOOR COVERINGS/CARPETS","Turn stud","Green"
"M3187","C8450","I4","AGU2229AEK","139993","XK8 Coupe/Convertible up to (V) 042775/INTERIOR TRIM AND LININGS/FLOOR COVERINGS/CARPETS","Turn stud","Sable"
"M3187","C8450","I4","AGU2229LFM","158126","XK8 Coupe/Convertible up to (V) 042775/INTERIOR TRIM AND LININGS/FLOOR COVERINGS/CARPETS","Turn stud","Shadow grey"
"M3187","C8450","I4","AGU2229HDX","140005","XK8 Coupe/Convertible up to (V) 042775/INTERIOR TRIM AND LININGS/FLOOR COVERINGS/CARPETS","Turn stud","Teal"
"M3187","C8450","I5","AGU2711","108945","XK8 Coupe/Convertible up to (V) 042775/INTERIOR TRIM AND LININGS/FLOOR COVERINGS/CARPETS","Stud",""
"M3187","C8450","I6","GJA9476AB","117450","XK8 Coupe/Convertible up to (V) 042775/INTERIOR TRIM AND LININGS/FLOOR COVERINGS/CARPETS","Carpet support bracket",""
"M3187","C8450","I7","GJB9463BASDC","145062","XK8 Coupe/Convertible up to (V) 042775/INTERIOR TRIM AND LININGS/FLOOR COVERINGS/CARPETS","Drop in carpet","Coffee > To VIN (018107) > LHD > LH front floor"
"M3187","C8450","I7","GJB9462BASDC","145078","XK8 Coupe/Convertible up to (V) 042775/INTERIOR TRIM AND LININGS/FLOOR COVERINGS/CARPETS","Drop in carpet","Coffee > To VIN (018107) > LHD > RH front floor"
"M3187","C8450","I7","GJB9463AASDC","145044","XK8 Coupe/Convertible up to (V) 042775/INTERIOR TRIM AND LININGS/FLOOR COVERINGS/CARPETS","Drop in carpet","Coffee > To VIN (018107) > RHD > LH front floor"
"M3187","C8450","I7","GJB9462AASDC","145034","XK8 Coupe/Convertible up to (V) 042775/INTERIOR TRIM AND LININGS/FLOOR COVERINGS/CARPETS","Drop in carpet","Coffee > To VIN (018107) > RHD > RH front floor"
"M3187","C8450","I7","GJB9463BALFN","145060","XK8 Coupe/Convertible up to (V) 042775/INTERIOR TRIM AND LININGS/FLOOR COVERINGS/CARPETS","Drop in carpet","Flint grey > LHD > LH front floor > To VIN (024686)"
"M3187","C8450","I7","GJC9463BALFN","158492","XK8 Coupe/Convertible up to (V) 042775/INTERIOR TRIM AND LININGS/FLOOR COVERINGS/CARPETS","Drop in carpet","Flint grey > LHD > LH front floor > From VIN (024687)"
"M3187","C8450","I7","GJB9462BALFN","145070","XK8 Coupe/Convertible up to (V) 042775/INTERIOR TRIM AND LININGS/FLOOR COVERINGS/CARPETS","Drop in carpet","Flint grey > LHD > RH front floor"
"M3187","C8450","I7","GJB9463AALFN","145040","XK8 Coupe/Convertible up to (V) 042775/INTERIOR TRIM AND LININGS/FLOOR COVERINGS/CARPETS","Drop in carpet","Flint grey > RHD > LH front floor"
"M3187","C8450","I7","GJB9462AALFN","145032","XK8 Coupe/Convertible up to (V) 042775/INTERIOR TRIM AND LININGS/FLOOR COVERINGS/CARPETS","Drop in carpet","Flint grey > RHD > RH front floor > To VIN (024686)"
"M3187","C8450","I7","GJC9462AALFN","158483","XK8 Coupe/Convertible up to (V) 042775/INTERIOR TRIM AND LININGS/FLOOR COVERINGS/CARPETS","Drop in carpet","Flint grey > RHD > RH front floor > From VIN (024687)"
"M3187","C8450","I7","GJB9463BAAEK","145064","XK8 Coupe/Convertible up to (V) 042775/INTERIOR TRIM AND LININGS/FLOOR COVERINGS/CARPETS","Drop in carpet","Sable > LHD > LH front floor > To VIN (024686)"
"M3187","C8450","I7","GJC9463BAAEK","158487","XK8 Coupe/Convertible up to (V) 042775/INTERIOR TRIM AND LININGS/FLOOR COVERINGS/CARPETS","Drop in carpet","Sable > LHD > LH front floor > From VIN (024687)"
"M3187","C8450","I7","GJB9462BAAEK","145082","XK8 Coupe/Convertible up to (V) 042775/INTERIOR TRIM AND LININGS/FLOOR COVERINGS/CARPETS","Drop in carpet","Sable > LHD > RH front floor"
"M3187","C8450","I7","GJB9463AAAEK","145046","XK8 Coupe/Convertible up to (V) 042775/INTERIOR TRIM AND LININGS/FLOOR COVERINGS/CARPETS","Drop in carpet","Sable > RHD > LH front floor"
"M3187","C8450","I7","GJB9462AAAEK","145036","XK8 Coupe/Convertible up to (V) 042775/INTERIOR TRIM AND LININGS/FLOOR COVERINGS/CARPETS","Drop in carpet","Sable > RHD > RH front floor > To VIN (024686)"
"M3187","C8450","I7","GJC9462AAAEK","158479","XK8 Coupe/Convertible up to (V) 042775/INTERIOR TRIM AND LININGS/FLOOR COVERINGS/CARPETS","Drop in carpet","Sable > RHD > RH front floor > From VIN (024687)"
"M3187","C8450","I7","GJB9463BAHDX","145058","XK8 Coupe/Convertible up to (V) 042775/INTERIOR TRIM AND LININGS/FLOOR COVERINGS/CARPETS","Drop in carpet","Teal > LHD > LH front floor > To VIN (024686)"
"M3187","C8450","I7","GJC9463BAHDX","158773","XK8 Coupe/Convertible up to (V) 042775/INTERIOR TRIM AND LININGS/FLOOR COVERINGS/CARPETS","Drop in carpet","Teal > LHD > LH front floor > From VIN (024687)"
"M3187","C8450","I7","GJB9462BAHDX","145066","XK8 Coupe/Convertible up to (V) 042775/INTERIOR TRIM AND LININGS/FLOOR COVERINGS/CARPETS","Drop in carpet","Teal > LHD > RH front floor"
"M3187","C8450","I7","GJB9463AAHDX","145038","XK8 Coupe/Convertible up to (V) 042775/INTERIOR TRIM AND LININGS/FLOOR COVERINGS/CARPETS","Drop in carpet","Teal > RHD > LH front floor"
"M3187","C8450","I7","GJB9462AAHDX","145030","XK8 Coupe/Convertible up to (V) 042775/INTERIOR TRIM AND LININGS/FLOOR COVERINGS/CARPETS","Drop in carpet","Teal > RHD > RH front floor > To VIN (024686)"
"M3187","C8450","I7","GJC9462AAHDX","158771","XK8 Coupe/Convertible up to (V) 042775/INTERIOR TRIM AND LININGS/FLOOR COVERINGS/CARPETS","Drop in carpet","Teal > RHD > RH front floor > From VIN (024687)"
"M3187","C8450","I8","GHF9539AGSDC","139388","XK8 Coupe/Convertible up to (V) 042775/INTERIOR TRIM AND LININGS/FLOOR COVERINGS/CARPETS","Handbrake cover","LHD > Coffee > LH > To VIN (018107)"
"M3187","C8450","I8","GHF9539AGNDR","139383","XK8 Coupe/Convertible up to (V) 042775/INTERIOR TRIM AND LININGS/FLOOR COVERINGS/CARPETS","Handbrake cover","LHD > Cream > LH > To VIN (018107)"
"M3187","C8450","I8","GHF9539AGAGD","139393","XK8 Coupe/Convertible up to (V) 042775/INTERIOR TRIM AND LININGS/FLOOR COVERINGS/CARPETS","Handbrake cover","LHD > Oatmeal"
"M3187","C8450","I8","GHF9539AGHDX","139367","XK8 Coupe/Convertible up to (V) 042775/INTERIOR TRIM AND LININGS/FLOOR COVERINGS/CARPETS","Handbrake cover","LHD > Teal > LH"
"M3187","C8450","I8","GHF9539AGSDZ","150010","XK8 Coupe/Convertible up to (V) 042775/INTERIOR TRIM AND LININGS/FLOOR COVERINGS/CARPETS","Handbrake cover","LHD > Other Option > LH > Cashmere > From VIN (018108)"
"M3187","C8450","I8","GHF9539AGNED","150020","XK8 Coupe/Convertible up to (V) 042775/INTERIOR TRIM AND LININGS/FLOOR COVERINGS/CARPETS","Handbrake cover","LHD > Other Option > LH > Ivory > From VIN (018108)"
"M3187","C8450","I8","GHF9539AGLEG","139372","XK8 Coupe/Convertible up to (V) 042775/INTERIOR TRIM AND LININGS/FLOOR COVERINGS/CARPETS","Handbrake cover","LHD > Other Option > LH > Warm charcoal"
"M3187","C8450","I8","GHF9538AGSDC","139128","XK8 Coupe/Convertible up to (V) 042775/INTERIOR TRIM AND LININGS/FLOOR COVERINGS/CARPETS","Handbrake cover","RHD > RH > Coffee > To VIN (018107)"
"M3187","C8450","I8","GHF9538AGNDR","139125","XK8 Coupe/Convertible up to (V) 042775/INTERIOR TRIM AND LININGS/FLOOR COVERINGS/CARPETS","Handbrake cover","RHD > RH > Cream > To VIN (018107)"
"M3187","C8450","I8","GHF9538AGAGD","139131","XK8 Coupe/Convertible up to (V) 042775/INTERIOR TRIM AND LININGS/FLOOR COVERINGS/CARPETS","Handbrake cover","RHD > RH > Oatmeal"
"M3187","C8450","I8","GHF9538AGHDX","139115","XK8 Coupe/Convertible up to (V) 042775/INTERIOR TRIM AND LININGS/FLOOR COVERINGS/CARPETS","Handbrake cover","RHD > RH > Teal"
"M3187","C8450","I8","GHF9538AGSDZ","150159","XK8 Coupe/Convertible up to (V) 042775/INTERIOR TRIM AND LININGS/FLOOR COVERINGS/CARPETS","Handbrake cover","RHD > RH > Other Option > Cashmere > From VIN (018108)"
"M3187","C8450","I8","GHF9538AGNED","150165","XK8 Coupe/Convertible up to (V) 042775/INTERIOR TRIM AND LININGS/FLOOR COVERINGS/CARPETS","Handbrake cover","RHD > RH > Other Option > Ivory > From VIN (018108)"
"M3187","C8450","I8","GHF9538AGLEG","139118","XK8 Coupe/Convertible up to (V) 042775/INTERIOR TRIM AND LININGS/FLOOR COVERINGS/CARPETS","Handbrake cover","RHD > RH > Other Option > Warm charcoal"
"M3187","C8450","I9","BBC7525LEG","94667","XK8 Coupe/Convertible up to (V) 042775/INTERIOR TRIM AND LININGS/FLOOR COVERINGS/CARPETS","Fixing button","Warm charcoal > Warm charcoal"
